"","Response","family","link","method","Marginal","Conditional","date_2"
"1","log.new_cases.per1M","gaussian","identity","none",0.9,0.9,2020-03-05
"2","l3.log.admin1_inflow_trip_count.per1M","gaussian","identity","none",0.7,0.93,2020-03-05
"3","l16.log.admin1_inbound_admin2_crossbound_trip_count.per1M","gaussian","identity","none",0.62,0.94,2020-03-05
"4","l22.log.admin2_inbound_trip_count.per1M","gaussian","identity","none",0.33,0.92,2020-03-05
"5","log.new_cases.per1M","gaussian","identity","none",0.9,0.9,2020-03-06
"6","l3.log.admin1_inflow_trip_count.per1M","gaussian","identity","none",0.7,0.93,2020-03-06
"7","l16.log.admin1_inbound_admin2_crossbound_trip_count.per1M","gaussian","identity","none",0.62,0.94,2020-03-06
"8","l22.log.admin2_inbound_trip_count.per1M","gaussian","identity","none",0.33,0.92,2020-03-06
"9","log.new_cases.per1M","gaussian","identity","none",0.9,0.9,2020-03-07
"10","l3.log.admin1_inflow_trip_count.per1M","gaussian","identity","none",0.7,0.93,2020-03-07
"11","l16.log.admin1_inbound_admin2_crossbound_trip_count.per1M","gaussian","identity","none",0.62,0.94,2020-03-07
"12","l22.log.admin2_inbound_trip_count.per1M","gaussian","identity","none",0.33,0.92,2020-03-07
"13","log.new_cases.per1M","gaussian","identity","none",0.91,0.91,2020-03-08
"14","l3.log.admin1_inflow_trip_count.per1M","gaussian","identity","none",0.7,0.93,2020-03-08
"15","l16.log.admin1_inbound_admin2_crossbound_trip_count.per1M","gaussian","identity","none",0.62,0.94,2020-03-08
"16","l22.log.admin2_inbound_trip_count.per1M","gaussian","identity","none",0.32,0.92,2020-03-08
"17","log.new_cases.per1M","gaussian","identity","none",0.91,0.91,2020-03-09
"18","l3.log.admin1_inflow_trip_count.per1M","gaussian","identity","none",0.7,0.93,2020-03-09
"19","l16.log.admin1_inbound_admin2_crossbound_trip_count.per1M","gaussian","identity","none",0.62,0.94,2020-03-09
"20","l22.log.admin2_inbound_trip_count.per1M","gaussian","identity","none",0.32,0.92,2020-03-09
"21","log.new_cases.per1M","gaussian","identity","none",0.91,0.91,2020-03-10
"22","l3.log.admin1_inflow_trip_count.per1M","gaussian","identity","none",0.7,0.93,2020-03-10
"23","l16.log.admin1_inbound_admin2_crossbound_trip_count.per1M","gaussian","identity","none",0.62,0.94,2020-03-10
"24","l22.log.admin2_inbound_trip_count.per1M","gaussian","identity","none",0.31,0.92,2020-03-10
"25","log.new_cases.per1M","gaussian","identity","none",0.91,0.91,2020-03-11
"26","l3.log.admin1_inflow_trip_count.per1M","gaussian","identity","none",0.7,0.93,2020-03-11
"27","l16.log.admin1_inbound_admin2_crossbound_trip_count.per1M","gaussian","identity","none",0.61,0.95,2020-03-11
"28","l22.log.admin2_inbound_trip_count.per1M","gaussian","identity","none",0.31,0.92,2020-03-11
"29","log.new_cases.per1M","gaussian","identity","none",0.91,0.91,2020-03-12
"30","l3.log.admin1_inflow_trip_count.per1M","gaussian","identity","none",0.69,0.93,2020-03-12
"31","l16.log.admin1_inbound_admin2_crossbound_trip_count.per1M","gaussian","identity","none",0.69,0.95,2020-03-12
"32","l22.log.admin2_inbound_trip_count.per1M","gaussian","identity","none",0.31,0.92,2020-03-12
"33","log.new_cases.per1M","gaussian","identity","none",0.91,0.91,2020-03-13
"34","l3.log.admin1_inflow_trip_count.per1M","gaussian","identity","none",0.69,0.93,2020-03-13
"35","l16.log.admin1_inbound_admin2_crossbound_trip_count.per1M","gaussian","identity","none",0.69,0.95,2020-03-13
"36","l22.log.admin2_inbound_trip_count.per1M","gaussian","identity","none",0.3,0.92,2020-03-13
"37","log.new_cases.per1M","gaussian","identity","none",0.91,0.91,2020-03-14
"38","l3.log.admin1_inflow_trip_count.per1M","gaussian","identity","none",0.69,0.93,2020-03-14
"39","l16.log.admin1_inbound_admin2_crossbound_trip_count.per1M","gaussian","identity","none",0.69,0.95,2020-03-14
"40","l22.log.admin2_inbound_trip_count.per1M","gaussian","identity","none",0.3,0.92,2020-03-14
"41","log.new_cases.per1M","gaussian","identity","none",0.92,0.92,2020-03-15
"42","l3.log.admin1_inflow_trip_count.per1M","gaussian","identity","none",0.69,0.93,2020-03-15
"43","l16.log.admin1_inbound_admin2_crossbound_trip_count.per1M","gaussian","identity","none",0.69,0.95,2020-03-15
"44","l22.log.admin2_inbound_trip_count.per1M","gaussian","identity","none",0.3,0.92,2020-03-15
"45","log.new_cases.per1M","gaussian","identity","none",0.92,0.92,2020-03-16
"46","l3.log.admin1_inflow_trip_count.per1M","gaussian","identity","none",0.69,0.93,2020-03-16
"47","l16.log.admin1_inbound_admin2_crossbound_trip_count.per1M","gaussian","identity","none",0.69,0.95,2020-03-16
"48","l22.log.admin2_inbound_trip_count.per1M","gaussian","identity","none",0.3,0.92,2020-03-16
"49","log.new_cases.per1M","gaussian","identity","none",0.92,0.92,2020-03-17
"50","l3.log.admin1_inflow_trip_count.per1M","gaussian","identity","none",0.68,0.93,2020-03-17
"51","l16.log.admin1_inbound_admin2_crossbound_trip_count.per1M","gaussian","identity","none",0.68,0.95,2020-03-17
"52","l22.log.admin2_inbound_trip_count.per1M","gaussian","identity","none",0.29,0.94,2020-03-17
"53","log.new_cases.per1M","gaussian","identity","none",0.92,0.92,2020-03-18
"54","l3.log.admin1_inflow_trip_count.per1M","gaussian","identity","none",0.67,0.93,2020-03-18
"55","l16.log.admin1_inbound_admin2_crossbound_trip_count.per1M","gaussian","identity","none",0.68,0.95,2020-03-18
"56","l22.log.admin2_inbound_trip_count.per1M","gaussian","identity","none",0.41,0.94,2020-03-18
"57","log.new_cases.per1M","gaussian","identity","none",0.92,0.92,2020-03-19
"58","l3.log.admin1_inflow_trip_count.per1M","gaussian","identity","none",0.67,0.93,2020-03-19
"59","l16.log.admin1_inbound_admin2_crossbound_trip_count.per1M","gaussian","identity","none",0.68,0.95,2020-03-19
"60","l22.log.admin2_inbound_trip_count.per1M","gaussian","identity","none",0.41,0.93,2020-03-19
"61","log.new_cases.per1M","gaussian","identity","none",0.92,0.92,2020-03-20
"62","l3.log.admin1_inflow_trip_count.per1M","gaussian","identity","none",0.67,0.93,2020-03-20
"63","l16.log.admin1_inbound_admin2_crossbound_trip_count.per1M","gaussian","identity","none",0.68,0.95,2020-03-20
"64","l22.log.admin2_inbound_trip_count.per1M","gaussian","identity","none",0.41,0.93,2020-03-20
"65","log.new_cases.per1M","gaussian","identity","none",0.92,0.92,2020-03-21
"66","l3.log.admin1_inflow_trip_count.per1M","gaussian","identity","none",0.67,0.93,2020-03-21
"67","l16.log.admin1_inbound_admin2_crossbound_trip_count.per1M","gaussian","identity","none",0.68,0.95,2020-03-21
"68","l22.log.admin2_inbound_trip_count.per1M","gaussian","identity","none",0.4,0.93,2020-03-21
"69","log.new_cases.per1M","gaussian","identity","none",0.92,0.92,2020-03-22
"70","l3.log.admin1_inflow_trip_count.per1M","gaussian","identity","none",0.66,0.93,2020-03-22
"71","l16.log.admin1_inbound_admin2_crossbound_trip_count.per1M","gaussian","identity","none",0.68,0.95,2020-03-22
"72","l22.log.admin2_inbound_trip_count.per1M","gaussian","identity","none",0.4,0.93,2020-03-22
"73","log.new_cases.per1M","gaussian","identity","none",0.92,0.92,2020-03-23
"74","l3.log.admin1_inflow_trip_count.per1M","gaussian","identity","none",0.67,0.93,2020-03-23
"75","l16.log.admin1_inbound_admin2_crossbound_trip_count.per1M","gaussian","identity","none",0.68,0.95,2020-03-23
"76","l22.log.admin2_inbound_trip_count.per1M","gaussian","identity","none",0.39,0.93,2020-03-23
"77","log.new_cases.per1M","gaussian","identity","none",0.92,0.92,2020-03-24
"78","l3.log.admin1_inflow_trip_count.per1M","gaussian","identity","none",0.66,0.93,2020-03-24
"79","l16.log.admin1_inbound_admin2_crossbound_trip_count.per1M","gaussian","identity","none",0.67,0.95,2020-03-24
"80","l22.log.admin2_inbound_trip_count.per1M","gaussian","identity","none",0.38,0.93,2020-03-24
"81","log.new_cases.per1M","gaussian","identity","none",0.92,0.92,2020-03-25
"82","l3.log.admin1_inflow_trip_count.per1M","gaussian","identity","none",0.64,0.93,2020-03-25
"83","l16.log.admin1_inbound_admin2_crossbound_trip_count.per1M","gaussian","identity","none",0.67,0.95,2020-03-25
"84","l22.log.admin2_inbound_trip_count.per1M","gaussian","identity","none",0.4,0.93,2020-03-25
"85","log.new_cases.per1M","gaussian","identity","none",0.92,0.92,2020-03-26
"86","l3.log.admin1_inflow_trip_count.per1M","gaussian","identity","none",0.62,0.93,2020-03-26
"87","l16.log.admin1_inbound_admin2_crossbound_trip_count.per1M","gaussian","identity","none",0.67,0.95,2020-03-26
"88","l22.log.admin2_inbound_trip_count.per1M","gaussian","identity","none",0.4,0.93,2020-03-26
"89","log.new_cases.per1M","gaussian","identity","none",0.92,0.92,2020-03-27
"90","l3.log.admin1_inflow_trip_count.per1M","gaussian","identity","none",0.61,0.93,2020-03-27
"91","l16.log.admin1_inbound_admin2_crossbound_trip_count.per1M","gaussian","identity","none",0.67,0.95,2020-03-27
"92","l22.log.admin2_inbound_trip_count.per1M","gaussian","identity","none",0.4,0.93,2020-03-27
"93","log.new_cases.per1M","gaussian","identity","none",0.92,0.93,2020-03-28
"94","l3.log.admin1_inflow_trip_count.per1M","gaussian","identity","none",0.56,0.94,2020-03-28
"95","l16.log.admin1_inbound_admin2_crossbound_trip_count.per1M","gaussian","identity","none",0.67,0.95,2020-03-28
"96","l22.log.admin2_inbound_trip_count.per1M","gaussian","identity","none",0.4,0.93,2020-03-28
"97","log.new_cases.per1M","gaussian","identity","none",0.92,0.93,2020-03-29
"98","l3.log.admin1_inflow_trip_count.per1M","gaussian","identity","none",0.6,0.94,2020-03-29
"99","l16.log.admin1_inbound_admin2_crossbound_trip_count.per1M","gaussian","identity","none",0.66,0.95,2020-03-29
"100","l22.log.admin2_inbound_trip_count.per1M","gaussian","identity","none",0.39,0.93,2020-03-29
"101","log.new_cases.per1M","gaussian","identity","none",0.92,0.93,2020-03-30
"102","l3.log.admin1_inflow_trip_count.per1M","gaussian","identity","none",0.52,0.95,2020-03-30
"103","l16.log.admin1_inbound_admin2_crossbound_trip_count.per1M","gaussian","identity","none",0.66,0.95,2020-03-30
"104","l22.log.admin2_inbound_trip_count.per1M","gaussian","identity","none",0.38,0.93,2020-03-30
"105","log.new_cases.per1M","gaussian","identity","none",0.92,0.93,2020-03-31
"106","l3.log.admin1_inflow_trip_count.per1M","gaussian","identity","none",0.62,0.95,2020-03-31
"107","l16.log.admin1_inbound_admin2_crossbound_trip_count.per1M","gaussian","identity","none",0.65,0.95,2020-03-31
"108","l22.log.admin2_inbound_trip_count.per1M","gaussian","identity","none",0.37,0.93,2020-03-31
"109","log.new_cases.per1M","gaussian","identity","none",0.92,0.93,2020-04-01
"110","l3.log.admin1_inflow_trip_count.per1M","gaussian","identity","none",0.61,0.95,2020-04-01
"111","l16.log.admin1_inbound_admin2_crossbound_trip_count.per1M","gaussian","identity","none",0.64,0.95,2020-04-01
"112","l22.log.admin2_inbound_trip_count.per1M","gaussian","identity","none",0.38,0.93,2020-04-01
"113","log.new_cases.per1M","gaussian","identity","none",0.92,0.93,2020-04-02
"114","l3.log.admin1_inflow_trip_count.per1M","gaussian","identity","none",0.6,0.95,2020-04-02
"115","l16.log.admin1_inbound_admin2_crossbound_trip_count.per1M","gaussian","identity","none",0.64,0.95,2020-04-02
"116","l22.log.admin2_inbound_trip_count.per1M","gaussian","identity","none",0.38,0.93,2020-04-02
"117","log.new_cases.per1M","gaussian","identity","none",0.92,0.93,2020-04-03
"118","l3.log.admin1_inflow_trip_count.per1M","gaussian","identity","none",0.6,0.95,2020-04-03
"119","l16.log.admin1_inbound_admin2_crossbound_trip_count.per1M","gaussian","identity","none",0.64,0.95,2020-04-03
"120","l22.log.admin2_inbound_trip_count.per1M","gaussian","identity","none",0.37,0.93,2020-04-03
"121","log.new_cases.per1M","gaussian","identity","none",0.93,0.93,2020-04-04
"122","l3.log.admin1_inflow_trip_count.per1M","gaussian","identity","none",0.6,0.95,2020-04-04
"123","l16.log.admin1_inbound_admin2_crossbound_trip_count.per1M","gaussian","identity","none",0.63,0.95,2020-04-04
"124","l22.log.admin2_inbound_trip_count.per1M","gaussian","identity","none",0.36,0.93,2020-04-04
"125","log.new_cases.per1M","gaussian","identity","none",0.93,0.93,2020-04-05
"126","l3.log.admin1_inflow_trip_count.per1M","gaussian","identity","none",0.61,0.95,2020-04-05
"127","l16.log.admin1_inbound_admin2_crossbound_trip_count.per1M","gaussian","identity","none",0.64,0.95,2020-04-05
"128","l22.log.admin2_inbound_trip_count.per1M","gaussian","identity","none",0.35,0.93,2020-04-05
"129","log.new_cases.per1M","gaussian","identity","none",0.93,0.93,2020-04-06
"130","l3.log.admin1_inflow_trip_count.per1M","gaussian","identity","none",0.62,0.95,2020-04-06
"131","l16.log.admin1_inbound_admin2_crossbound_trip_count.per1M","gaussian","identity","none",0.63,0.95,2020-04-06
"132","l22.log.admin2_inbound_trip_count.per1M","gaussian","identity","none",0.34,0.93,2020-04-06
"133","log.new_cases.per1M","gaussian","identity","none",0.93,0.93,2020-04-07
"134","l3.log.admin1_inflow_trip_count.per1M","gaussian","identity","none",0.61,0.95,2020-04-07
"135","l16.log.admin1_inbound_admin2_crossbound_trip_count.per1M","gaussian","identity","none",0.63,0.95,2020-04-07
"136","l22.log.admin2_inbound_trip_count.per1M","gaussian","identity","none",0.33,0.94,2020-04-07
"137","log.new_cases.per1M","gaussian","identity","none",0.93,0.93,2020-04-08
"138","l3.log.admin1_inflow_trip_count.per1M","gaussian","identity","none",0.62,0.95,2020-04-08
"139","l16.log.admin1_inbound_admin2_crossbound_trip_count.per1M","gaussian","identity","none",0.63,0.96,2020-04-08
"140","l22.log.admin2_inbound_trip_count.per1M","gaussian","identity","none",0.34,0.94,2020-04-08
"141","log.new_cases.per1M","gaussian","identity","none",0.93,0.93,2020-04-09
"142","l3.log.admin1_inflow_trip_count.per1M","gaussian","identity","none",0.62,0.95,2020-04-09
"143","l16.log.admin1_inbound_admin2_crossbound_trip_count.per1M","gaussian","identity","none",0.62,0.96,2020-04-09
"144","l22.log.admin2_inbound_trip_count.per1M","gaussian","identity","none",0.33,0.94,2020-04-09
"145","log.new_cases.per1M","gaussian","identity","none",0.93,0.93,2020-04-10
"146","l3.log.admin1_inflow_trip_count.per1M","gaussian","identity","none",0.64,0.95,2020-04-10
"147","l16.log.admin1_inbound_admin2_crossbound_trip_count.per1M","gaussian","identity","none",0.58,0.97,2020-04-10
"148","l22.log.admin2_inbound_trip_count.per1M","gaussian","identity","none",0.33,0.94,2020-04-10
"149","log.new_cases.per1M","gaussian","identity","none",0.93,0.93,2020-04-11
"150","l3.log.admin1_inflow_trip_count.per1M","gaussian","identity","none",0.64,0.95,2020-04-11
"151","l16.log.admin1_inbound_admin2_crossbound_trip_count.per1M","gaussian","identity","none",0.59,0.97,2020-04-11
"152","l22.log.admin2_inbound_trip_count.per1M","gaussian","identity","none",0.33,0.94,2020-04-11
"153","log.new_cases.per1M","gaussian","identity","none",0.93,0.93,2020-04-12
"154","l3.log.admin1_inflow_trip_count.per1M","gaussian","identity","none",0.65,0.95,2020-04-12
"155","l16.log.admin1_inbound_admin2_crossbound_trip_count.per1M","gaussian","identity","none",0.5,0.97,2020-04-12
"156","l22.log.admin2_inbound_trip_count.per1M","gaussian","identity","none",0.34,0.94,2020-04-12
"157","log.new_cases.per1M","gaussian","identity","none",0.93,0.93,2020-04-13
"158","l3.log.admin1_inflow_trip_count.per1M","gaussian","identity","none",0.66,0.95,2020-04-13
"159","l16.log.admin1_inbound_admin2_crossbound_trip_count.per1M","gaussian","identity","none",0.54,0.97,2020-04-13
"160","l22.log.admin2_inbound_trip_count.per1M","gaussian","identity","none",0.33,0.94,2020-04-13
"161","log.new_cases.per1M","gaussian","identity","none",0.93,0.93,2020-04-14
"162","l3.log.admin1_inflow_trip_count.per1M","gaussian","identity","none",0.68,0.95,2020-04-14
"163","l16.log.admin1_inbound_admin2_crossbound_trip_count.per1M","gaussian","identity","none",0.53,0.97,2020-04-14
"164","l22.log.admin2_inbound_trip_count.per1M","gaussian","identity","none",0.34,0.94,2020-04-14
"165","log.new_cases.per1M","gaussian","identity","none",0.93,0.93,2020-04-15
"166","l3.log.admin1_inflow_trip_count.per1M","gaussian","identity","none",0.67,0.95,2020-04-15
"167","l16.log.admin1_inbound_admin2_crossbound_trip_count.per1M","gaussian","identity","none",0.53,0.97,2020-04-15
"168","l22.log.admin2_inbound_trip_count.per1M","gaussian","identity","none",0.36,0.95,2020-04-15
"169","log.new_cases.per1M","gaussian","identity","none",0.93,0.93,2020-04-16
"170","l3.log.admin1_inflow_trip_count.per1M","gaussian","identity","none",0.66,0.95,2020-04-16
"171","l16.log.admin1_inbound_admin2_crossbound_trip_count.per1M","gaussian","identity","none",0.53,0.97,2020-04-16
"172","l22.log.admin2_inbound_trip_count.per1M","gaussian","identity","none",0.3,0.97,2020-04-16
"173","log.new_cases.per1M","gaussian","identity","none",0.93,0.93,2020-04-17
"174","l3.log.admin1_inflow_trip_count.per1M","gaussian","identity","none",0.65,0.95,2020-04-17
"175","l16.log.admin1_inbound_admin2_crossbound_trip_count.per1M","gaussian","identity","none",0.53,0.97,2020-04-17
"176","l22.log.admin2_inbound_trip_count.per1M","gaussian","identity","none",0.31,0.96,2020-04-17
"177","log.new_cases.per1M","gaussian","identity","none",0.93,0.93,2020-04-18
"178","l3.log.admin1_inflow_trip_count.per1M","gaussian","identity","none",0.65,0.95,2020-04-18
"179","l16.log.admin1_inbound_admin2_crossbound_trip_count.per1M","gaussian","identity","none",0.55,0.97,2020-04-18
"180","l22.log.admin2_inbound_trip_count.per1M","gaussian","identity","none",0.24,0.97,2020-04-18
"181","log.new_cases.per1M","gaussian","identity","none",0.93,0.93,2020-04-19
"182","l3.log.admin1_inflow_trip_count.per1M","gaussian","identity","none",0.65,0.95,2020-04-19
"183","l16.log.admin1_inbound_admin2_crossbound_trip_count.per1M","gaussian","identity","none",0.55,0.97,2020-04-19
"184","l22.log.admin2_inbound_trip_count.per1M","gaussian","identity","none",0.26,0.97,2020-04-19
"185","log.new_cases.per1M","gaussian","identity","none",0.92,0.93,2020-04-20
"186","l3.log.admin1_inflow_trip_count.per1M","gaussian","identity","none",0.64,0.95,2020-04-20
"187","l16.log.admin1_inbound_admin2_crossbound_trip_count.per1M","gaussian","identity","none",0.56,0.97,2020-04-20
"188","l22.log.admin2_inbound_trip_count.per1M","gaussian","identity","none",0.25,0.97,2020-04-20
"189","log.new_cases.per1M","gaussian","identity","none",0.92,0.92,2020-04-21
"190","l3.log.admin1_inflow_trip_count.per1M","gaussian","identity","none",0.64,0.95,2020-04-21
"191","l16.log.admin1_inbound_admin2_crossbound_trip_count.per1M","gaussian","identity","none",0.56,0.97,2020-04-21
"192","l22.log.admin2_inbound_trip_count.per1M","gaussian","identity","none",0.25,0.97,2020-04-21
"193","log.new_cases.per1M","gaussian","identity","none",0.92,0.92,2020-04-22
"194","l3.log.admin1_inflow_trip_count.per1M","gaussian","identity","none",0.64,0.95,2020-04-22
"195","l16.log.admin1_inbound_admin2_crossbound_trip_count.per1M","gaussian","identity","none",0.55,0.98,2020-04-22
"196","l22.log.admin2_inbound_trip_count.per1M","gaussian","identity","none",0.25,0.97,2020-04-22
"197","log.new_cases.per1M","gaussian","identity","none",0.92,0.92,2020-04-23
"198","l3.log.admin1_inflow_trip_count.per1M","gaussian","identity","none",0.61,0.95,2020-04-23
"199","l16.log.admin1_inbound_admin2_crossbound_trip_count.per1M","gaussian","identity","none",0.57,0.98,2020-04-23
"200","l22.log.admin2_inbound_trip_count.per1M","gaussian","identity","none",0.25,0.97,2020-04-23
"201","log.new_cases.per1M","gaussian","identity","none",0.92,0.92,2020-04-24
"202","l3.log.admin1_inflow_trip_count.per1M","gaussian","identity","none",0.62,0.95,2020-04-24
"203","l16.log.admin1_inbound_admin2_crossbound_trip_count.per1M","gaussian","identity","none",0.57,0.98,2020-04-24
"204","l22.log.admin2_inbound_trip_count.per1M","gaussian","identity","none",0.25,0.97,2020-04-24
"205","log.new_cases.per1M","gaussian","identity","none",0.92,0.92,2020-04-25
"206","l3.log.admin1_inflow_trip_count.per1M","gaussian","identity","none",0.65,0.95,2020-04-25
"207","l16.log.admin1_inbound_admin2_crossbound_trip_count.per1M","gaussian","identity","none",0.57,0.98,2020-04-25
"208","l22.log.admin2_inbound_trip_count.per1M","gaussian","identity","none",0.25,0.97,2020-04-25
"209","log.new_cases.per1M","gaussian","identity","none",0.92,0.92,2020-04-26
"210","l3.log.admin1_inflow_trip_count.per1M","gaussian","identity","none",0.63,0.95,2020-04-26
"211","l16.log.admin1_inbound_admin2_crossbound_trip_count.per1M","gaussian","identity","none",0.58,0.97,2020-04-26
"212","l22.log.admin2_inbound_trip_count.per1M","gaussian","identity","none",0.25,0.97,2020-04-26
"213","log.new_cases.per1M","gaussian","identity","none",0.92,0.92,2020-04-27
"214","l3.log.admin1_inflow_trip_count.per1M","gaussian","identity","none",0.62,0.95,2020-04-27
"215","l16.log.admin1_inbound_admin2_crossbound_trip_count.per1M","gaussian","identity","none",0.6,0.98,2020-04-27
"216","l22.log.admin2_inbound_trip_count.per1M","gaussian","identity","none",0.24,0.97,2020-04-27
"217","log.new_cases.per1M","gaussian","identity","none",0.92,0.92,2020-04-28
"218","l3.log.admin1_inflow_trip_count.per1M","gaussian","identity","none",0.58,0.95,2020-04-28
"219","l16.log.admin1_inbound_admin2_crossbound_trip_count.per1M","gaussian","identity","none",0.6,0.98,2020-04-28
"220","l22.log.admin2_inbound_trip_count.per1M","gaussian","identity","none",0.24,0.97,2020-04-28
"221","log.new_cases.per1M","gaussian","identity","none",0.91,0.91,2020-04-29
"222","l3.log.admin1_inflow_trip_count.per1M","gaussian","identity","none",0.57,0.95,2020-04-29
"223","l16.log.admin1_inbound_admin2_crossbound_trip_count.per1M","gaussian","identity","none",0.58,0.98,2020-04-29
"224","l22.log.admin2_inbound_trip_count.per1M","gaussian","identity","none",0.24,0.97,2020-04-29
"225","log.new_cases.per1M","gaussian","identity","none",0.91,0.91,2020-04-30
"226","l3.log.admin1_inflow_trip_count.per1M","gaussian","identity","none",0.53,0.95,2020-04-30
"227","l16.log.admin1_inbound_admin2_crossbound_trip_count.per1M","gaussian","identity","none",0.54,0.98,2020-04-30
"228","l22.log.admin2_inbound_trip_count.per1M","gaussian","identity","none",0.24,0.97,2020-04-30
"229","log.new_cases.per1M","gaussian","identity","none",0.91,0.91,2020-05-01
"230","l3.log.admin1_inflow_trip_count.per1M","gaussian","identity","none",0.5,0.95,2020-05-01
"231","l16.log.admin1_inbound_admin2_crossbound_trip_count.per1M","gaussian","identity","none",0.54,0.98,2020-05-01
"232","l22.log.admin2_inbound_trip_count.per1M","gaussian","identity","none",0.25,0.97,2020-05-01
"233","log.new_cases.per1M","gaussian","identity","none",0.91,0.91,2020-05-02
"234","l3.log.admin1_inflow_trip_count.per1M","gaussian","identity","none",0.47,0.95,2020-05-02
"235","l16.log.admin1_inbound_admin2_crossbound_trip_count.per1M","gaussian","identity","none",0.54,0.98,2020-05-02
"236","l22.log.admin2_inbound_trip_count.per1M","gaussian","identity","none",0.25,0.97,2020-05-02
"237","log.new_cases.per1M","gaussian","identity","none",0.91,0.91,2020-05-03
"238","l3.log.admin1_inflow_trip_count.per1M","gaussian","identity","none",0.5,0.95,2020-05-03
"239","l16.log.admin1_inbound_admin2_crossbound_trip_count.per1M","gaussian","identity","none",0.55,0.98,2020-05-03
"240","l22.log.admin2_inbound_trip_count.per1M","gaussian","identity","none",0.25,0.97,2020-05-03
"241","log.new_cases.per1M","gaussian","identity","none",0.91,0.91,2020-05-04
"242","l3.log.admin1_inflow_trip_count.per1M","gaussian","identity","none",0.59,0.94,2020-05-04
"243","l16.log.admin1_inbound_admin2_crossbound_trip_count.per1M","gaussian","identity","none",0.55,0.98,2020-05-04
"244","l22.log.admin2_inbound_trip_count.per1M","gaussian","identity","none",0.25,0.97,2020-05-04
"245","log.new_cases.per1M","gaussian","identity","none",0.9,0.91,2020-05-05
"246","l3.log.admin1_inflow_trip_count.per1M","gaussian","identity","none",0.61,0.95,2020-05-05
"247","l16.log.admin1_inbound_admin2_crossbound_trip_count.per1M","gaussian","identity","none",0.56,0.98,2020-05-05
"248","l22.log.admin2_inbound_trip_count.per1M","gaussian","identity","none",0.27,0.97,2020-05-05
"249","log.new_cases.per1M","gaussian","identity","none",0.9,0.9,2020-05-06
"250","l3.log.admin1_inflow_trip_count.per1M","gaussian","identity","none",0.66,0.95,2020-05-06
"251","l16.log.admin1_inbound_admin2_crossbound_trip_count.per1M","gaussian","identity","none",0.55,0.98,2020-05-06
"252","l22.log.admin2_inbound_trip_count.per1M","gaussian","identity","none",0.26,0.97,2020-05-06
"253","log.new_cases.per1M","gaussian","identity","none",0.9,0.9,2020-05-07
"254","l3.log.admin1_inflow_trip_count.per1M","gaussian","identity","none",0.65,0.95,2020-05-07
"255","l16.log.admin1_inbound_admin2_crossbound_trip_count.per1M","gaussian","identity","none",0.57,0.98,2020-05-07
"256","l22.log.admin2_inbound_trip_count.per1M","gaussian","identity","none",0.26,0.97,2020-05-07
"257","log.new_cases.per1M","gaussian","identity","none",0.9,0.9,2020-05-08
"258","l3.log.admin1_inflow_trip_count.per1M","gaussian","identity","none",0.65,0.94,2020-05-08
"259","l16.log.admin1_inbound_admin2_crossbound_trip_count.per1M","gaussian","identity","none",0.62,0.98,2020-05-08
"260","l22.log.admin2_inbound_trip_count.per1M","gaussian","identity","none",0.26,0.97,2020-05-08
"261","log.new_cases.per1M","gaussian","identity","none",0.9,0.9,2020-05-09
"262","l3.log.admin1_inflow_trip_count.per1M","gaussian","identity","none",0.65,0.94,2020-05-09
"263","l16.log.admin1_inbound_admin2_crossbound_trip_count.per1M","gaussian","identity","none",0.63,0.98,2020-05-09
"264","l22.log.admin2_inbound_trip_count.per1M","gaussian","identity","none",0.26,0.97,2020-05-09
"265","log.new_cases.per1M","gaussian","identity","none",0.9,0.9,2020-05-10
"266","l3.log.admin1_inflow_trip_count.per1M","gaussian","identity","none",0.65,0.94,2020-05-10
"267","l16.log.admin1_inbound_admin2_crossbound_trip_count.per1M","gaussian","identity","none",0.65,0.98,2020-05-10
"268","l22.log.admin2_inbound_trip_count.per1M","gaussian","identity","none",0.26,0.97,2020-05-10
"269","log.new_cases.per1M","gaussian","identity","none",0.89,0.89,2020-05-11
"270","l3.log.admin1_inflow_trip_count.per1M","gaussian","identity","none",0.63,0.95,2020-05-11
"271","l16.log.admin1_inbound_admin2_crossbound_trip_count.per1M","gaussian","identity","none",0.63,0.98,2020-05-11
"272","l22.log.admin2_inbound_trip_count.per1M","gaussian","identity","none",0.27,0.97,2020-05-11
"273","log.new_cases.per1M","gaussian","identity","none",0.89,0.89,2020-05-12
"274","l3.log.admin1_inflow_trip_count.per1M","gaussian","identity","none",0.64,0.95,2020-05-12
"275","l16.log.admin1_inbound_admin2_crossbound_trip_count.per1M","gaussian","identity","none",0.64,0.98,2020-05-12
"276","l22.log.admin2_inbound_trip_count.per1M","gaussian","identity","none",0.26,0.97,2020-05-12
"277","log.new_cases.per1M","gaussian","identity","none",0.89,0.89,2020-05-13
"278","l3.log.admin1_inflow_trip_count.per1M","gaussian","identity","none",0.64,0.95,2020-05-13
"279","l16.log.admin1_inbound_admin2_crossbound_trip_count.per1M","gaussian","identity","none",0.65,0.98,2020-05-13
"280","l22.log.admin2_inbound_trip_count.per1M","gaussian","identity","none",0.26,0.97,2020-05-13
"281","log.new_cases.per1M","gaussian","identity","none",0.88,0.89,2020-05-14
"282","l3.log.admin1_inflow_trip_count.per1M","gaussian","identity","none",0.63,0.95,2020-05-14
"283","l16.log.admin1_inbound_admin2_crossbound_trip_count.per1M","gaussian","identity","none",0.66,0.98,2020-05-14
"284","l22.log.admin2_inbound_trip_count.per1M","gaussian","identity","none",0.31,0.96,2020-05-14
"285","log.new_cases.per1M","gaussian","identity","none",0.88,0.88,2020-05-15
"286","l3.log.admin1_inflow_trip_count.per1M","gaussian","identity","none",0.65,0.95,2020-05-15
"287","l16.log.admin1_inbound_admin2_crossbound_trip_count.per1M","gaussian","identity","none",0.67,0.98,2020-05-15
"288","l22.log.admin2_inbound_trip_count.per1M","gaussian","identity","none",0.33,0.96,2020-05-15
"289","log.new_cases.per1M","gaussian","identity","none",0.88,0.88,2020-05-16
"290","l3.log.admin1_inflow_trip_count.per1M","gaussian","identity","none",0.66,0.95,2020-05-16
"291","l16.log.admin1_inbound_admin2_crossbound_trip_count.per1M","gaussian","identity","none",0.7,0.98,2020-05-16
"292","l22.log.admin2_inbound_trip_count.per1M","gaussian","identity","none",0.36,0.95,2020-05-16
"293","log.new_cases.per1M","gaussian","identity","none",0.88,0.88,2020-05-17
"294","l3.log.admin1_inflow_trip_count.per1M","gaussian","identity","none",0.66,0.95,2020-05-17
"295","l16.log.admin1_inbound_admin2_crossbound_trip_count.per1M","gaussian","identity","none",0.77,0.98,2020-05-17
"296","l22.log.admin2_inbound_trip_count.per1M","gaussian","identity","none",0.34,0.95,2020-05-17
"297","log.new_cases.per1M","gaussian","identity","none",0.88,0.88,2020-05-18
"298","l3.log.admin1_inflow_trip_count.per1M","gaussian","identity","none",0.66,0.94,2020-05-18
"299","l16.log.admin1_inbound_admin2_crossbound_trip_count.per1M","gaussian","identity","none",0.92,0.97,2020-05-18
"300","l22.log.admin2_inbound_trip_count.per1M","gaussian","identity","none",0.33,0.96,2020-05-18
"301","log.new_cases.per1M","gaussian","identity","none",0.87,0.87,2020-05-19
"302","l3.log.admin1_inflow_trip_count.per1M","gaussian","identity","none",0.66,0.94,2020-05-19
"303","l16.log.admin1_inbound_admin2_crossbound_trip_count.per1M","gaussian","identity","none",0.92,0.97,2020-05-19
"304","l22.log.admin2_inbound_trip_count.per1M","gaussian","identity","none",0.33,0.96,2020-05-19
"305","log.new_cases.per1M","gaussian","identity","none",0.87,0.87,2020-05-20
"306","l3.log.admin1_inflow_trip_count.per1M","gaussian","identity","none",0.66,0.95,2020-05-20
"307","l16.log.admin1_inbound_admin2_crossbound_trip_count.per1M","gaussian","identity","none",0.92,0.97,2020-05-20
"308","l22.log.admin2_inbound_trip_count.per1M","gaussian","identity","none",0.34,0.95,2020-05-20
"309","log.new_cases.per1M","gaussian","identity","none",0.87,0.87,2020-05-21
"310","l3.log.admin1_inflow_trip_count.per1M","gaussian","identity","none",0.65,0.95,2020-05-21
"311","l16.log.admin1_inbound_admin2_crossbound_trip_count.per1M","gaussian","identity","none",0.92,0.97,2020-05-21
"312","l22.log.admin2_inbound_trip_count.per1M","gaussian","identity","none",0.35,0.95,2020-05-21
"313","log.new_cases.per1M","gaussian","identity","none",0.87,0.87,2020-05-22
"314","l3.log.admin1_inflow_trip_count.per1M","gaussian","identity","none",0.66,0.95,2020-05-22
"315","l16.log.admin1_inbound_admin2_crossbound_trip_count.per1M","gaussian","identity","none",0.92,0.97,2020-05-22
"316","l22.log.admin2_inbound_trip_count.per1M","gaussian","identity","none",0.37,0.95,2020-05-22
"317","log.new_cases.per1M","gaussian","identity","none",0.86,0.86,2020-05-23
"318","l3.log.admin1_inflow_trip_count.per1M","gaussian","identity","none",0.7,0.94,2020-05-23
"319","l16.log.admin1_inbound_admin2_crossbound_trip_count.per1M","gaussian","identity","none",0.92,0.97,2020-05-23
"320","l22.log.admin2_inbound_trip_count.per1M","gaussian","identity","none",0.46,0.94,2020-05-23
"321","log.new_cases.per1M","gaussian","identity","none",0.86,0.86,2020-05-24
"322","l3.log.admin1_inflow_trip_count.per1M","gaussian","identity","none",0.67,0.94,2020-05-24
"323","l16.log.admin1_inbound_admin2_crossbound_trip_count.per1M","gaussian","identity","none",0.92,0.97,2020-05-24
"324","l22.log.admin2_inbound_trip_count.per1M","gaussian","identity","none",0.84,0.89,2020-05-24
"325","log.new_cases.per1M","gaussian","identity","none",0.85,0.86,2020-05-25
"326","l3.log.admin1_inflow_trip_count.per1M","gaussian","identity","none",0.67,0.94,2020-05-25
"327","l16.log.admin1_inbound_admin2_crossbound_trip_count.per1M","gaussian","identity","none",0.92,0.97,2020-05-25
"328","l22.log.admin2_inbound_trip_count.per1M","gaussian","identity","none",0.85,0.89,2020-05-25
"329","log.new_cases.per1M","gaussian","identity","none",0.85,0.85,2020-05-26
"330","l3.log.admin1_inflow_trip_count.per1M","gaussian","identity","none",0.68,0.94,2020-05-26
"331","l16.log.admin1_inbound_admin2_crossbound_trip_count.per1M","gaussian","identity","none",0.92,0.97,2020-05-26
"332","l22.log.admin2_inbound_trip_count.per1M","gaussian","identity","none",0.85,0.89,2020-05-26
"333","log.new_cases.per1M","gaussian","identity","none",0.85,0.85,2020-05-27
"334","l3.log.admin1_inflow_trip_count.per1M","gaussian","identity","none",0.68,0.94,2020-05-27
"335","l16.log.admin1_inbound_admin2_crossbound_trip_count.per1M","gaussian","identity","none",0.92,0.97,2020-05-27
"336","l22.log.admin2_inbound_trip_count.per1M","gaussian","identity","none",0.85,0.89,2020-05-27
"337","log.new_cases.per1M","gaussian","identity","none",0.85,0.85,2020-05-28
"338","l3.log.admin1_inflow_trip_count.per1M","gaussian","identity","none",0.67,0.94,2020-05-28
"339","l16.log.admin1_inbound_admin2_crossbound_trip_count.per1M","gaussian","identity","none",0.93,0.97,2020-05-28
"340","l22.log.admin2_inbound_trip_count.per1M","gaussian","identity","none",0.85,0.89,2020-05-28
"341","log.new_cases.per1M","gaussian","identity","none",0.84,0.85,2020-05-29
"342","l3.log.admin1_inflow_trip_count.per1M","gaussian","identity","none",0.71,0.94,2020-05-29
"343","l16.log.admin1_inbound_admin2_crossbound_trip_count.per1M","gaussian","identity","none",0.93,0.97,2020-05-29
"344","l22.log.admin2_inbound_trip_count.per1M","gaussian","identity","none",0.85,0.89,2020-05-29
"345","log.new_cases.per1M","gaussian","identity","none",0.84,0.84,2020-05-30
"346","l3.log.admin1_inflow_trip_count.per1M","gaussian","identity","none",0.66,0.94,2020-05-30
"347","l16.log.admin1_inbound_admin2_crossbound_trip_count.per1M","gaussian","identity","none",0.93,0.97,2020-05-30
"348","l22.log.admin2_inbound_trip_count.per1M","gaussian","identity","none",0.85,0.89,2020-05-30
"349","log.new_cases.per1M","gaussian","identity","none",0.84,0.84,2020-05-31
"350","l3.log.admin1_inflow_trip_count.per1M","gaussian","identity","none",0.66,0.94,2020-05-31
"351","l16.log.admin1_inbound_admin2_crossbound_trip_count.per1M","gaussian","identity","none",0.93,0.97,2020-05-31
"352","l22.log.admin2_inbound_trip_count.per1M","gaussian","identity","none",0.85,0.89,2020-05-31
"353","log.new_cases.per1M","gaussian","identity","none",0.84,0.84,2020-06-01
"354","l3.log.admin1_inflow_trip_count.per1M","gaussian","identity","none",0.65,0.93,2020-06-01
"355","l16.log.admin1_inbound_admin2_crossbound_trip_count.per1M","gaussian","identity","none",0.93,0.97,2020-06-01
"356","l22.log.admin2_inbound_trip_count.per1M","gaussian","identity","none",0.84,0.89,2020-06-01
"357","log.new_cases.per1M","gaussian","identity","none",0.83,0.84,2020-06-02
"358","l3.log.admin1_inflow_trip_count.per1M","gaussian","identity","none",0.66,0.93,2020-06-02
"359","l16.log.admin1_inbound_admin2_crossbound_trip_count.per1M","gaussian","identity","none",0.93,0.97,2020-06-02
"360","l22.log.admin2_inbound_trip_count.per1M","gaussian","identity","none",0.84,0.89,2020-06-02
"361","log.new_cases.per1M","gaussian","identity","none",0.83,0.84,2020-06-03
"362","l3.log.admin1_inflow_trip_count.per1M","gaussian","identity","none",0.64,0.93,2020-06-03
"363","l16.log.admin1_inbound_admin2_crossbound_trip_count.per1M","gaussian","identity","none",0.93,0.97,2020-06-03
"364","l22.log.admin2_inbound_trip_count.per1M","gaussian","identity","none",0.84,0.88,2020-06-03
"365","log.new_cases.per1M","gaussian","identity","none",0.83,0.84,2020-06-04
"366","l3.log.admin1_inflow_trip_count.per1M","gaussian","identity","none",0.65,0.94,2020-06-04
"367","l16.log.admin1_inbound_admin2_crossbound_trip_count.per1M","gaussian","identity","none",0.93,0.97,2020-06-04
"368","l22.log.admin2_inbound_trip_count.per1M","gaussian","identity","none",0.84,0.88,2020-06-04
"369","log.new_cases.per1M","gaussian","identity","none",0.83,0.83,2020-06-05
"370","l3.log.admin1_inflow_trip_count.per1M","gaussian","identity","none",0.66,0.93,2020-06-05
"371","l16.log.admin1_inbound_admin2_crossbound_trip_count.per1M","gaussian","identity","none",0.93,0.96,2020-06-05
"372","l22.log.admin2_inbound_trip_count.per1M","gaussian","identity","none",0.84,0.88,2020-06-05
"373","log.new_cases.per1M","gaussian","identity","none",0.83,0.83,2020-06-06
"374","l3.log.admin1_inflow_trip_count.per1M","gaussian","identity","none",0.66,0.93,2020-06-06
"375","l16.log.admin1_inbound_admin2_crossbound_trip_count.per1M","gaussian","identity","none",0.93,0.96,2020-06-06
"376","l22.log.admin2_inbound_trip_count.per1M","gaussian","identity","none",0.83,0.88,2020-06-06
"377","log.new_cases.per1M","gaussian","identity","none",0.83,0.83,2020-06-07
"378","l3.log.admin1_inflow_trip_count.per1M","gaussian","identity","none",0.7,0.93,2020-06-07
"379","l16.log.admin1_inbound_admin2_crossbound_trip_count.per1M","gaussian","identity","none",0.93,0.96,2020-06-07
"380","l22.log.admin2_inbound_trip_count.per1M","gaussian","identity","none",0.83,0.88,2020-06-07
"381","log.new_cases.per1M","gaussian","identity","none",0.82,0.83,2020-06-08
"382","l3.log.admin1_inflow_trip_count.per1M","gaussian","identity","none",0.67,0.93,2020-06-08
"383","l16.log.admin1_inbound_admin2_crossbound_trip_count.per1M","gaussian","identity","none",0.93,0.96,2020-06-08
"384","l22.log.admin2_inbound_trip_count.per1M","gaussian","identity","none",0.83,0.88,2020-06-08
"385","log.new_cases.per1M","gaussian","identity","none",0.82,0.83,2020-06-09
"386","l3.log.admin1_inflow_trip_count.per1M","gaussian","identity","none",0.68,0.93,2020-06-09
"387","l16.log.admin1_inbound_admin2_crossbound_trip_count.per1M","gaussian","identity","none",0.93,0.96,2020-06-09
"388","l22.log.admin2_inbound_trip_count.per1M","gaussian","identity","none",0.83,0.88,2020-06-09
"389","log.new_cases.per1M","gaussian","identity","none",0.81,0.82,2020-06-10
"390","l3.log.admin1_inflow_trip_count.per1M","gaussian","identity","none",0.68,0.93,2020-06-10
"391","l16.log.admin1_inbound_admin2_crossbound_trip_count.per1M","gaussian","identity","none",0.93,0.96,2020-06-10
"392","l22.log.admin2_inbound_trip_count.per1M","gaussian","identity","none",0.83,0.87,2020-06-10
"393","log.new_cases.per1M","gaussian","identity","none",0.81,0.82,2020-06-11
"394","l3.log.admin1_inflow_trip_count.per1M","gaussian","identity","none",0.71,0.92,2020-06-11
"395","l16.log.admin1_inbound_admin2_crossbound_trip_count.per1M","gaussian","identity","none",0.92,0.96,2020-06-11
"396","l22.log.admin2_inbound_trip_count.per1M","gaussian","identity","none",0.8,0.86,2020-06-11
"397","log.new_cases.per1M","gaussian","identity","none",0.8,0.81,2020-06-12
"398","l3.log.admin1_inflow_trip_count.per1M","gaussian","identity","none",0.68,0.92,2020-06-12
"399","l16.log.admin1_inbound_admin2_crossbound_trip_count.per1M","gaussian","identity","none",0.91,0.96,2020-06-12
"400","l22.log.admin2_inbound_trip_count.per1M","gaussian","identity","none",0.8,0.86,2020-06-12
"401","log.new_cases.per1M","gaussian","identity","none",0.8,0.81,2020-06-13
"402","l3.log.admin1_inflow_trip_count.per1M","gaussian","identity","none",0.68,0.92,2020-06-13
"403","l16.log.admin1_inbound_admin2_crossbound_trip_count.per1M","gaussian","identity","none",0.91,0.96,2020-06-13
"404","l22.log.admin2_inbound_trip_count.per1M","gaussian","identity","none",0.8,0.86,2020-06-13
"405","log.new_cases.per1M","gaussian","identity","none",0.8,0.81,2020-06-14
"406","l3.log.admin1_inflow_trip_count.per1M","gaussian","identity","none",0.68,0.92,2020-06-14
"407","l16.log.admin1_inbound_admin2_crossbound_trip_count.per1M","gaussian","identity","none",0.91,0.96,2020-06-14
"408","l22.log.admin2_inbound_trip_count.per1M","gaussian","identity","none",0.8,0.85,2020-06-14
"409","log.new_cases.per1M","gaussian","identity","none",0.79,0.81,2020-06-15
"410","l3.log.admin1_inflow_trip_count.per1M","gaussian","identity","none",0.68,0.92,2020-06-15
"411","l16.log.admin1_inbound_admin2_crossbound_trip_count.per1M","gaussian","identity","none",0.91,0.96,2020-06-15
"412","l22.log.admin2_inbound_trip_count.per1M","gaussian","identity","none",0.8,0.85,2020-06-15
"413","log.new_cases.per1M","gaussian","identity","none",0.79,0.81,2020-06-16
"414","l3.log.admin1_inflow_trip_count.per1M","gaussian","identity","none",0.67,0.92,2020-06-16
"415","l16.log.admin1_inbound_admin2_crossbound_trip_count.per1M","gaussian","identity","none",0.9,0.96,2020-06-16
"416","l22.log.admin2_inbound_trip_count.per1M","gaussian","identity","none",0.79,0.85,2020-06-16
"417","log.new_cases.per1M","gaussian","identity","none",0.79,0.81,2020-06-17
"418","l3.log.admin1_inflow_trip_count.per1M","gaussian","identity","none",0.68,0.92,2020-06-17
"419","l16.log.admin1_inbound_admin2_crossbound_trip_count.per1M","gaussian","identity","none",0.92,0.97,2020-06-17
"420","l22.log.admin2_inbound_trip_count.per1M","gaussian","identity","none",0.79,0.85,2020-06-17
"421","log.new_cases.per1M","gaussian","identity","none",0.79,0.81,2020-06-18
"422","l3.log.admin1_inflow_trip_count.per1M","gaussian","identity","none",0.68,0.92,2020-06-18
"423","l16.log.admin1_inbound_admin2_crossbound_trip_count.per1M","gaussian","identity","none",0.92,0.97,2020-06-18
"424","l22.log.admin2_inbound_trip_count.per1M","gaussian","identity","none",0.8,0.85,2020-06-18
"425","log.new_cases.per1M","gaussian","identity","none",0.79,0.81,2020-06-19
"426","l3.log.admin1_inflow_trip_count.per1M","gaussian","identity","none",0.68,0.92,2020-06-19
"427","l16.log.admin1_inbound_admin2_crossbound_trip_count.per1M","gaussian","identity","none",0.92,0.97,2020-06-19
"428","l22.log.admin2_inbound_trip_count.per1M","gaussian","identity","none",0.8,0.84,2020-06-19
"429","log.new_cases.per1M","gaussian","identity","none",0.78,0.81,2020-06-20
"430","l3.log.admin1_inflow_trip_count.per1M","gaussian","identity","none",0.68,0.92,2020-06-20
"431","l16.log.admin1_inbound_admin2_crossbound_trip_count.per1M","gaussian","identity","none",0.93,0.97,2020-06-20
"432","l22.log.admin2_inbound_trip_count.per1M","gaussian","identity","none",0.8,0.84,2020-06-20
"433","log.new_cases.per1M","gaussian","identity","none",0.78,0.81,2020-06-21
"434","l3.log.admin1_inflow_trip_count.per1M","gaussian","identity","none",0.68,0.92,2020-06-21
"435","l16.log.admin1_inbound_admin2_crossbound_trip_count.per1M","gaussian","identity","none",0.93,0.97,2020-06-21
"436","l22.log.admin2_inbound_trip_count.per1M","gaussian","identity","none",0.8,0.85,2020-06-21
"437","log.new_cases.per1M","gaussian","identity","none",0.78,0.81,2020-06-22
"438","l3.log.admin1_inflow_trip_count.per1M","gaussian","identity","none",0.68,0.92,2020-06-22
"439","l16.log.admin1_inbound_admin2_crossbound_trip_count.per1M","gaussian","identity","none",0.93,0.97,2020-06-22
"440","l22.log.admin2_inbound_trip_count.per1M","gaussian","identity","none",0.8,0.86,2020-06-22
"441","log.new_cases.per1M","gaussian","identity","none",0.77,0.81,2020-06-23
"442","l3.log.admin1_inflow_trip_count.per1M","gaussian","identity","none",0.67,0.92,2020-06-23
"443","l16.log.admin1_inbound_admin2_crossbound_trip_count.per1M","gaussian","identity","none",0.93,0.96,2020-06-23
"444","l22.log.admin2_inbound_trip_count.per1M","gaussian","identity","none",0.7,0.89,2020-06-23
"445","log.new_cases.per1M","gaussian","identity","none",0.77,0.81,2020-06-24
"446","l3.log.admin1_inflow_trip_count.per1M","gaussian","identity","none",0.67,0.92,2020-06-24
"447","l16.log.admin1_inbound_admin2_crossbound_trip_count.per1M","gaussian","identity","none",0.93,0.95,2020-06-24
"448","l22.log.admin2_inbound_trip_count.per1M","gaussian","identity","none",0.82,0.87,2020-06-24
"449","log.new_cases.per1M","gaussian","identity","none",0.77,0.81,2020-06-25
"450","l3.log.admin1_inflow_trip_count.per1M","gaussian","identity","none",0.67,0.92,2020-06-25
"451","l16.log.admin1_inbound_admin2_crossbound_trip_count.per1M","gaussian","identity","none",0.92,0.95,2020-06-25
"452","l22.log.admin2_inbound_trip_count.per1M","gaussian","identity","none",0.82,0.87,2020-06-25
"453","log.new_cases.per1M","gaussian","identity","none",0.77,0.81,2020-06-26
"454","l3.log.admin1_inflow_trip_count.per1M","gaussian","identity","none",0.67,0.92,2020-06-26
"455","l16.log.admin1_inbound_admin2_crossbound_trip_count.per1M","gaussian","identity","none",0.92,0.95,2020-06-26
"456","l22.log.admin2_inbound_trip_count.per1M","gaussian","identity","none",0.82,0.86,2020-06-26
"457","log.new_cases.per1M","gaussian","identity","none",0.76,0.8,2020-06-27
"458","l3.log.admin1_inflow_trip_count.per1M","gaussian","identity","none",0.67,0.92,2020-06-27
"459","l16.log.admin1_inbound_admin2_crossbound_trip_count.per1M","gaussian","identity","none",0.92,0.95,2020-06-27
"460","l22.log.admin2_inbound_trip_count.per1M","gaussian","identity","none",0.82,0.86,2020-06-27
"461","log.new_cases.per1M","gaussian","identity","none",0.76,0.8,2020-06-28
"462","l3.log.admin1_inflow_trip_count.per1M","gaussian","identity","none",0.67,0.92,2020-06-28
"463","l16.log.admin1_inbound_admin2_crossbound_trip_count.per1M","gaussian","identity","none",0.92,0.95,2020-06-28
"464","l22.log.admin2_inbound_trip_count.per1M","gaussian","identity","none",0.82,0.86,2020-06-28
"465","log.new_cases.per1M","gaussian","identity","none",0.75,0.8,2020-06-29
"466","l3.log.admin1_inflow_trip_count.per1M","gaussian","identity","none",0.66,0.92,2020-06-29
"467","l16.log.admin1_inbound_admin2_crossbound_trip_count.per1M","gaussian","identity","none",0.92,0.95,2020-06-29
"468","l22.log.admin2_inbound_trip_count.per1M","gaussian","identity","none",0.82,0.86,2020-06-29
"469","log.new_cases.per1M","gaussian","identity","none",0.75,0.8,2020-06-30
"470","l3.log.admin1_inflow_trip_count.per1M","gaussian","identity","none",0.67,0.92,2020-06-30
"471","l16.log.admin1_inbound_admin2_crossbound_trip_count.per1M","gaussian","identity","none",0.92,0.95,2020-06-30
"472","l22.log.admin2_inbound_trip_count.per1M","gaussian","identity","none",0.81,0.84,2020-06-30
"473","log.new_cases.per1M","gaussian","identity","none",0.75,0.79,2020-07-01
"474","l3.log.admin1_inflow_trip_count.per1M","gaussian","identity","none",0.67,0.92,2020-07-01
"475","l16.log.admin1_inbound_admin2_crossbound_trip_count.per1M","gaussian","identity","none",0.92,0.95,2020-07-01
"476","l22.log.admin2_inbound_trip_count.per1M","gaussian","identity","none",0.79,0.83,2020-07-01
"477","log.new_cases.per1M","gaussian","identity","none",0.75,0.79,2020-07-02
"478","l3.log.admin1_inflow_trip_count.per1M","gaussian","identity","none",0.67,0.92,2020-07-02
"479","l16.log.admin1_inbound_admin2_crossbound_trip_count.per1M","gaussian","identity","none",0.92,0.95,2020-07-02
"480","l22.log.admin2_inbound_trip_count.per1M","gaussian","identity","none",0.79,0.83,2020-07-02
"481","log.new_cases.per1M","gaussian","identity","none",0.75,0.79,2020-07-03
"482","l3.log.admin1_inflow_trip_count.per1M","gaussian","identity","none",0.67,0.92,2020-07-03
"483","l16.log.admin1_inbound_admin2_crossbound_trip_count.per1M","gaussian","identity","none",0.92,0.95,2020-07-03
"484","l22.log.admin2_inbound_trip_count.per1M","gaussian","identity","none",0.79,0.83,2020-07-03
"485","log.new_cases.per1M","gaussian","identity","none",0.74,0.79,2020-07-04
"486","l3.log.admin1_inflow_trip_count.per1M","gaussian","identity","none",0.67,0.92,2020-07-04
"487","l16.log.admin1_inbound_admin2_crossbound_trip_count.per1M","gaussian","identity","none",0.92,0.95,2020-07-04
"488","l22.log.admin2_inbound_trip_count.per1M","gaussian","identity","none",0.79,0.83,2020-07-04
"489","log.new_cases.per1M","gaussian","identity","none",0.74,0.79,2020-07-05
"490","l3.log.admin1_inflow_trip_count.per1M","gaussian","identity","none",0.67,0.92,2020-07-05
"491","l16.log.admin1_inbound_admin2_crossbound_trip_count.per1M","gaussian","identity","none",0.92,0.95,2020-07-05
"492","l22.log.admin2_inbound_trip_count.per1M","gaussian","identity","none",0.79,0.83,2020-07-05
"493","log.new_cases.per1M","gaussian","identity","none",0.74,0.79,2020-07-06
"494","l3.log.admin1_inflow_trip_count.per1M","gaussian","identity","none",0.67,0.92,2020-07-06
"495","l16.log.admin1_inbound_admin2_crossbound_trip_count.per1M","gaussian","identity","none",0.92,0.95,2020-07-06
"496","l22.log.admin2_inbound_trip_count.per1M","gaussian","identity","none",0.79,0.83,2020-07-06
"497","log.new_cases.per1M","gaussian","identity","none",0.74,0.79,2020-07-07
"498","l3.log.admin1_inflow_trip_count.per1M","gaussian","identity","none",0.67,0.92,2020-07-07
"499","l16.log.admin1_inbound_admin2_crossbound_trip_count.per1M","gaussian","identity","none",0.92,0.95,2020-07-07
"500","l22.log.admin2_inbound_trip_count.per1M","gaussian","identity","none",0.79,0.83,2020-07-07
"501","log.new_cases.per1M","gaussian","identity","none",0.74,0.79,2020-07-08
"502","l3.log.admin1_inflow_trip_count.per1M","gaussian","identity","none",0.68,0.92,2020-07-08
"503","l16.log.admin1_inbound_admin2_crossbound_trip_count.per1M","gaussian","identity","none",0.92,0.95,2020-07-08
"504","l22.log.admin2_inbound_trip_count.per1M","gaussian","identity","none",0.79,0.83,2020-07-08
"505","log.new_cases.per1M","gaussian","identity","none",0.74,0.79,2020-07-09
"506","l3.log.admin1_inflow_trip_count.per1M","gaussian","identity","none",0.7,0.92,2020-07-09
"507","l16.log.admin1_inbound_admin2_crossbound_trip_count.per1M","gaussian","identity","none",0.92,0.95,2020-07-09
"508","l22.log.admin2_inbound_trip_count.per1M","gaussian","identity","none",0.79,0.83,2020-07-09
"509","log.new_cases.per1M","gaussian","identity","none",0.74,0.79,2020-07-10
"510","l3.log.admin1_inflow_trip_count.per1M","gaussian","identity","none",0.69,0.92,2020-07-10
"511","l16.log.admin1_inbound_admin2_crossbound_trip_count.per1M","gaussian","identity","none",0.92,0.95,2020-07-10
"512","l22.log.admin2_inbound_trip_count.per1M","gaussian","identity","none",0.79,0.83,2020-07-10
"513","log.new_cases.per1M","gaussian","identity","none",0.74,0.79,2020-07-11
"514","l3.log.admin1_inflow_trip_count.per1M","gaussian","identity","none",0.69,0.92,2020-07-11
"515","l16.log.admin1_inbound_admin2_crossbound_trip_count.per1M","gaussian","identity","none",0.92,0.95,2020-07-11
"516","l22.log.admin2_inbound_trip_count.per1M","gaussian","identity","none",0.8,0.83,2020-07-11
"517","log.new_cases.per1M","gaussian","identity","none",0.74,0.78,2020-07-12
"518","l3.log.admin1_inflow_trip_count.per1M","gaussian","identity","none",0.69,0.92,2020-07-12
"519","l16.log.admin1_inbound_admin2_crossbound_trip_count.per1M","gaussian","identity","none",0.92,0.95,2020-07-12
"520","l22.log.admin2_inbound_trip_count.per1M","gaussian","identity","none",0.8,0.83,2020-07-12
"521","log.new_cases.per1M","gaussian","identity","none",0.74,0.78,2020-07-13
"522","l3.log.admin1_inflow_trip_count.per1M","gaussian","identity","none",0.69,0.92,2020-07-13
"523","l16.log.admin1_inbound_admin2_crossbound_trip_count.per1M","gaussian","identity","none",0.92,0.95,2020-07-13
"524","l22.log.admin2_inbound_trip_count.per1M","gaussian","identity","none",0.8,0.83,2020-07-13
"525","log.new_cases.per1M","gaussian","identity","none",0.74,0.78,2020-07-14
"526","l3.log.admin1_inflow_trip_count.per1M","gaussian","identity","none",0.69,0.92,2020-07-14
"527","l16.log.admin1_inbound_admin2_crossbound_trip_count.per1M","gaussian","identity","none",0.92,0.95,2020-07-14
"528","l22.log.admin2_inbound_trip_count.per1M","gaussian","identity","none",0.79,0.83,2020-07-14
"529","log.new_cases.per1M","gaussian","identity","none",0.74,0.78,2020-07-15
"530","l3.log.admin1_inflow_trip_count.per1M","gaussian","identity","none",0.69,0.92,2020-07-15
"531","l16.log.admin1_inbound_admin2_crossbound_trip_count.per1M","gaussian","identity","none",0.92,0.95,2020-07-15
"532","l22.log.admin2_inbound_trip_count.per1M","gaussian","identity","none",0.8,0.83,2020-07-15
"533","log.new_cases.per1M","gaussian","identity","none",0.74,0.78,2020-07-16
"534","l3.log.admin1_inflow_trip_count.per1M","gaussian","identity","none",0.69,0.92,2020-07-16
"535","l16.log.admin1_inbound_admin2_crossbound_trip_count.per1M","gaussian","identity","none",0.92,0.95,2020-07-16
"536","l22.log.admin2_inbound_trip_count.per1M","gaussian","identity","none",0.8,0.83,2020-07-16
"537","log.new_cases.per1M","gaussian","identity","none",0.74,0.78,2020-07-17
"538","l3.log.admin1_inflow_trip_count.per1M","gaussian","identity","none",0.69,0.92,2020-07-17
"539","l16.log.admin1_inbound_admin2_crossbound_trip_count.per1M","gaussian","identity","none",0.92,0.95,2020-07-17
"540","l22.log.admin2_inbound_trip_count.per1M","gaussian","identity","none",0.8,0.83,2020-07-17
"541","log.new_cases.per1M","gaussian","identity","none",0.73,0.78,2020-07-18
"542","l3.log.admin1_inflow_trip_count.per1M","gaussian","identity","none",0.69,0.92,2020-07-18
"543","l16.log.admin1_inbound_admin2_crossbound_trip_count.per1M","gaussian","identity","none",0.92,0.95,2020-07-18
"544","l22.log.admin2_inbound_trip_count.per1M","gaussian","identity","none",0.8,0.83,2020-07-18
"545","log.new_cases.per1M","gaussian","identity","none",0.73,0.77,2020-07-19
"546","l3.log.admin1_inflow_trip_count.per1M","gaussian","identity","none",0.68,0.92,2020-07-19
"547","l16.log.admin1_inbound_admin2_crossbound_trip_count.per1M","gaussian","identity","none",0.92,0.95,2020-07-19
"548","l22.log.admin2_inbound_trip_count.per1M","gaussian","identity","none",0.8,0.83,2020-07-19
"549","log.new_cases.per1M","gaussian","identity","none",0.72,0.77,2020-07-20
"550","l3.log.admin1_inflow_trip_count.per1M","gaussian","identity","none",0.68,0.92,2020-07-20
"551","l16.log.admin1_inbound_admin2_crossbound_trip_count.per1M","gaussian","identity","none",0.92,0.95,2020-07-20
"552","l22.log.admin2_inbound_trip_count.per1M","gaussian","identity","none",0.8,0.83,2020-07-20
"553","log.new_cases.per1M","gaussian","identity","none",0.74,0.78,2020-07-21
"554","l3.log.admin1_inflow_trip_count.per1M","gaussian","identity","none",0.68,0.92,2020-07-21
"555","l16.log.admin1_inbound_admin2_crossbound_trip_count.per1M","gaussian","identity","none",0.92,0.95,2020-07-21
"556","l22.log.admin2_inbound_trip_count.per1M","gaussian","identity","none",0.8,0.83,2020-07-21
"557","log.new_cases.per1M","gaussian","identity","none",0.76,0.79,2020-07-22
"558","l3.log.admin1_inflow_trip_count.per1M","gaussian","identity","none",0.68,0.92,2020-07-22
"559","l16.log.admin1_inbound_admin2_crossbound_trip_count.per1M","gaussian","identity","none",0.92,0.94,2020-07-22
"560","l22.log.admin2_inbound_trip_count.per1M","gaussian","identity","none",0.8,0.83,2020-07-22
"561","log.new_cases.per1M","gaussian","identity","none",0.76,0.79,2020-07-23
"562","l3.log.admin1_inflow_trip_count.per1M","gaussian","identity","none",0.67,0.92,2020-07-23
"563","l16.log.admin1_inbound_admin2_crossbound_trip_count.per1M","gaussian","identity","none",0.92,0.94,2020-07-23
"564","l22.log.admin2_inbound_trip_count.per1M","gaussian","identity","none",0.8,0.83,2020-07-23
"565","log.new_cases.per1M","gaussian","identity","none",0.76,0.79,2020-07-24
"566","l3.log.admin1_inflow_trip_count.per1M","gaussian","identity","none",0.68,0.92,2020-07-24
"567","l16.log.admin1_inbound_admin2_crossbound_trip_count.per1M","gaussian","identity","none",0.92,0.94,2020-07-24
"568","l22.log.admin2_inbound_trip_count.per1M","gaussian","identity","none",0.8,0.83,2020-07-24
"569","log.new_cases.per1M","gaussian","identity","none",0.75,0.79,2020-07-25
"570","l3.log.admin1_inflow_trip_count.per1M","gaussian","identity","none",0.68,0.92,2020-07-25
"571","l16.log.admin1_inbound_admin2_crossbound_trip_count.per1M","gaussian","identity","none",0.92,0.94,2020-07-25
"572","l22.log.admin2_inbound_trip_count.per1M","gaussian","identity","none",0.79,0.82,2020-07-25
"573","log.new_cases.per1M","gaussian","identity","none",0.75,0.78,2020-07-26
"574","l3.log.admin1_inflow_trip_count.per1M","gaussian","identity","none",0.68,0.92,2020-07-26
"575","l16.log.admin1_inbound_admin2_crossbound_trip_count.per1M","gaussian","identity","none",0.92,0.94,2020-07-26
"576","l22.log.admin2_inbound_trip_count.per1M","gaussian","identity","none",0.79,0.82,2020-07-26
"577","log.new_cases.per1M","gaussian","identity","none",0.75,0.78,2020-07-27
"578","l3.log.admin1_inflow_trip_count.per1M","gaussian","identity","none",0.68,0.92,2020-07-27
"579","l16.log.admin1_inbound_admin2_crossbound_trip_count.per1M","gaussian","identity","none",0.92,0.94,2020-07-27
"580","l22.log.admin2_inbound_trip_count.per1M","gaussian","identity","none",0.79,0.82,2020-07-27
"581","log.new_cases.per1M","gaussian","identity","none",0.75,0.78,2020-07-28
"582","l3.log.admin1_inflow_trip_count.per1M","gaussian","identity","none",0.68,0.92,2020-07-28
"583","l16.log.admin1_inbound_admin2_crossbound_trip_count.per1M","gaussian","identity","none",0.92,0.94,2020-07-28
"584","l22.log.admin2_inbound_trip_count.per1M","gaussian","identity","none",0.79,0.81,2020-07-28
"585","log.new_cases.per1M","gaussian","identity","none",0.75,0.78,2020-07-29
"586","l3.log.admin1_inflow_trip_count.per1M","gaussian","identity","none",0.68,0.92,2020-07-29
"587","l16.log.admin1_inbound_admin2_crossbound_trip_count.per1M","gaussian","identity","none",0.92,0.94,2020-07-29
"588","l22.log.admin2_inbound_trip_count.per1M","gaussian","identity","none",0.79,0.81,2020-07-29
"589","log.new_cases.per1M","gaussian","identity","none",0.75,0.78,2020-07-30
"590","l3.log.admin1_inflow_trip_count.per1M","gaussian","identity","none",0.68,0.92,2020-07-30
"591","l16.log.admin1_inbound_admin2_crossbound_trip_count.per1M","gaussian","identity","none",0.92,0.94,2020-07-30
"592","l22.log.admin2_inbound_trip_count.per1M","gaussian","identity","none",0.79,0.81,2020-07-30
"593","log.new_cases.per1M","gaussian","identity","none",0.74,0.78,2020-07-31
"594","l3.log.admin1_inflow_trip_count.per1M","gaussian","identity","none",0.68,0.92,2020-07-31
"595","l16.log.admin1_inbound_admin2_crossbound_trip_count.per1M","gaussian","identity","none",0.92,0.94,2020-07-31
"596","l22.log.admin2_inbound_trip_count.per1M","gaussian","identity","none",0.79,0.81,2020-07-31
"597","log.new_cases.per1M","gaussian","identity","none",0.74,0.77,2020-08-01
"598","l3.log.admin1_inflow_trip_count.per1M","gaussian","identity","none",0.68,0.92,2020-08-01
"599","l16.log.admin1_inbound_admin2_crossbound_trip_count.per1M","gaussian","identity","none",0.92,0.94,2020-08-01
"600","l22.log.admin2_inbound_trip_count.per1M","gaussian","identity","none",0.79,0.81,2020-08-01
"601","log.new_cases.per1M","gaussian","identity","none",0.74,0.77,2020-08-02
"602","l3.log.admin1_inflow_trip_count.per1M","gaussian","identity","none",0.68,0.92,2020-08-02
"603","l16.log.admin1_inbound_admin2_crossbound_trip_count.per1M","gaussian","identity","none",0.92,0.95,2020-08-02
"604","l22.log.admin2_inbound_trip_count.per1M","gaussian","identity","none",0.79,0.81,2020-08-02
"605","log.new_cases.per1M","gaussian","identity","none",0.74,0.77,2020-08-03
"606","l3.log.admin1_inflow_trip_count.per1M","gaussian","identity","none",0.68,0.92,2020-08-03
"607","l16.log.admin1_inbound_admin2_crossbound_trip_count.per1M","gaussian","identity","none",0.92,0.95,2020-08-03
"608","l22.log.admin2_inbound_trip_count.per1M","gaussian","identity","none",0.79,0.81,2020-08-03
"609","log.new_cases.per1M","gaussian","identity","none",0.74,0.77,2020-08-04
"610","l3.log.admin1_inflow_trip_count.per1M","gaussian","identity","none",0.68,0.92,2020-08-04
"611","l16.log.admin1_inbound_admin2_crossbound_trip_count.per1M","gaussian","identity","none",0.92,0.95,2020-08-04
"612","l22.log.admin2_inbound_trip_count.per1M","gaussian","identity","none",0.78,0.81,2020-08-04
"613","log.new_cases.per1M","gaussian","identity","none",0.74,0.77,2020-08-05
"614","l3.log.admin1_inflow_trip_count.per1M","gaussian","identity","none",0.68,0.92,2020-08-05
"615","l16.log.admin1_inbound_admin2_crossbound_trip_count.per1M","gaussian","identity","none",0.92,0.95,2020-08-05
"616","l22.log.admin2_inbound_trip_count.per1M","gaussian","identity","none",0.79,0.81,2020-08-05
"617","log.new_cases.per1M","gaussian","identity","none",0.74,0.77,2020-08-06
"618","l3.log.admin1_inflow_trip_count.per1M","gaussian","identity","none",0.68,0.92,2020-08-06
"619","l16.log.admin1_inbound_admin2_crossbound_trip_count.per1M","gaussian","identity","none",0.92,0.95,2020-08-06
"620","l22.log.admin2_inbound_trip_count.per1M","gaussian","identity","none",0.79,0.81,2020-08-06
"621","log.new_cases.per1M","gaussian","identity","none",0.74,0.77,2020-08-07
"622","l3.log.admin1_inflow_trip_count.per1M","gaussian","identity","none",0.68,0.92,2020-08-07
"623","l16.log.admin1_inbound_admin2_crossbound_trip_count.per1M","gaussian","identity","none",0.92,0.95,2020-08-07
"624","l22.log.admin2_inbound_trip_count.per1M","gaussian","identity","none",0.79,0.81,2020-08-07
"625","log.new_cases.per1M","gaussian","identity","none",0.74,0.77,2020-08-08
"626","l3.log.admin1_inflow_trip_count.per1M","gaussian","identity","none",0.68,0.92,2020-08-08
"627","l16.log.admin1_inbound_admin2_crossbound_trip_count.per1M","gaussian","identity","none",0.92,0.95,2020-08-08
"628","l22.log.admin2_inbound_trip_count.per1M","gaussian","identity","none",0.79,0.81,2020-08-08
"629","log.new_cases.per1M","gaussian","identity","none",0.74,0.77,2020-08-09
"630","l3.log.admin1_inflow_trip_count.per1M","gaussian","identity","none",0.68,0.92,2020-08-09
"631","l16.log.admin1_inbound_admin2_crossbound_trip_count.per1M","gaussian","identity","none",0.92,0.95,2020-08-09
"632","l22.log.admin2_inbound_trip_count.per1M","gaussian","identity","none",0.78,0.81,2020-08-09
"633","log.new_cases.per1M","gaussian","identity","none",0.74,0.77,2020-08-10
"634","l3.log.admin1_inflow_trip_count.per1M","gaussian","identity","none",0.67,0.92,2020-08-10
"635","l16.log.admin1_inbound_admin2_crossbound_trip_count.per1M","gaussian","identity","none",0.92,0.95,2020-08-10
"636","l22.log.admin2_inbound_trip_count.per1M","gaussian","identity","none",0.79,0.81,2020-08-10
"637","log.new_cases.per1M","gaussian","identity","none",0.74,0.77,2020-08-11
"638","l3.log.admin1_inflow_trip_count.per1M","gaussian","identity","none",0.67,0.92,2020-08-11
"639","l16.log.admin1_inbound_admin2_crossbound_trip_count.per1M","gaussian","identity","none",0.92,0.95,2020-08-11
"640","l22.log.admin2_inbound_trip_count.per1M","gaussian","identity","none",0.79,0.81,2020-08-11
"641","log.new_cases.per1M","gaussian","identity","none",0.75,0.77,2020-08-12
"642","l3.log.admin1_inflow_trip_count.per1M","gaussian","identity","none",0.67,0.92,2020-08-12
"643","l16.log.admin1_inbound_admin2_crossbound_trip_count.per1M","gaussian","identity","none",0.92,0.95,2020-08-12
"644","l22.log.admin2_inbound_trip_count.per1M","gaussian","identity","none",0.79,0.81,2020-08-12
"645","log.new_cases.per1M","gaussian","identity","none",0.75,0.78,2020-08-13
"646","l3.log.admin1_inflow_trip_count.per1M","gaussian","identity","none",0.67,0.92,2020-08-13
"647","l16.log.admin1_inbound_admin2_crossbound_trip_count.per1M","gaussian","identity","none",0.92,0.95,2020-08-13
"648","l22.log.admin2_inbound_trip_count.per1M","gaussian","identity","none",0.79,0.81,2020-08-13
"649","log.new_cases.per1M","gaussian","identity","none",0.76,0.78,2020-08-14
"650","l3.log.admin1_inflow_trip_count.per1M","gaussian","identity","none",0.67,0.92,2020-08-14
"651","l16.log.admin1_inbound_admin2_crossbound_trip_count.per1M","gaussian","identity","none",0.92,0.95,2020-08-14
"652","l22.log.admin2_inbound_trip_count.per1M","gaussian","identity","none",0.79,0.81,2020-08-14
"653","log.new_cases.per1M","gaussian","identity","none",0.76,0.78,2020-08-15
"654","l3.log.admin1_inflow_trip_count.per1M","gaussian","identity","none",0.68,0.92,2020-08-15
"655","l16.log.admin1_inbound_admin2_crossbound_trip_count.per1M","gaussian","identity","none",0.92,0.95,2020-08-15
"656","l22.log.admin2_inbound_trip_count.per1M","gaussian","identity","none",0.79,0.81,2020-08-15
"657","log.new_cases.per1M","gaussian","identity","none",0.76,0.78,2020-08-16
"658","l3.log.admin1_inflow_trip_count.per1M","gaussian","identity","none",0.68,0.92,2020-08-16
"659","l16.log.admin1_inbound_admin2_crossbound_trip_count.per1M","gaussian","identity","none",0.92,0.95,2020-08-16
"660","l22.log.admin2_inbound_trip_count.per1M","gaussian","identity","none",0.78,0.81,2020-08-16
"661","log.new_cases.per1M","gaussian","identity","none",0.76,0.78,2020-08-17
"662","l3.log.admin1_inflow_trip_count.per1M","gaussian","identity","none",0.69,0.91,2020-08-17
"663","l16.log.admin1_inbound_admin2_crossbound_trip_count.per1M","gaussian","identity","none",0.92,0.95,2020-08-17
"664","l22.log.admin2_inbound_trip_count.per1M","gaussian","identity","none",0.79,0.81,2020-08-17
"665","log.new_cases.per1M","gaussian","identity","none",0.77,0.78,2020-08-18
"666","l3.log.admin1_inflow_trip_count.per1M","gaussian","identity","none",0.66,0.91,2020-08-18
"667","l16.log.admin1_inbound_admin2_crossbound_trip_count.per1M","gaussian","identity","none",0.92,0.95,2020-08-18
"668","l22.log.admin2_inbound_trip_count.per1M","gaussian","identity","none",0.78,0.81,2020-08-18
"669","log.new_cases.per1M","gaussian","identity","none",0.77,0.79,2020-08-19
"670","l3.log.admin1_inflow_trip_count.per1M","gaussian","identity","none",0.67,0.91,2020-08-19
"671","l16.log.admin1_inbound_admin2_crossbound_trip_count.per1M","gaussian","identity","none",0.92,0.95,2020-08-19
"672","l22.log.admin2_inbound_trip_count.per1M","gaussian","identity","none",0.79,0.81,2020-08-19
"673","log.new_cases.per1M","gaussian","identity","none",0.77,0.79,2020-08-20
"674","l3.log.admin1_inflow_trip_count.per1M","gaussian","identity","none",0.65,0.91,2020-08-20
"675","l16.log.admin1_inbound_admin2_crossbound_trip_count.per1M","gaussian","identity","none",0.92,0.95,2020-08-20
"676","l22.log.admin2_inbound_trip_count.per1M","gaussian","identity","none",0.79,0.81,2020-08-20
"677","log.new_cases.per1M","gaussian","identity","none",0.78,0.79,2020-08-21
"678","l3.log.admin1_inflow_trip_count.per1M","gaussian","identity","none",0.67,0.91,2020-08-21
"679","l16.log.admin1_inbound_admin2_crossbound_trip_count.per1M","gaussian","identity","none",0.92,0.95,2020-08-21
"680","l22.log.admin2_inbound_trip_count.per1M","gaussian","identity","none",0.79,0.81,2020-08-21
"681","log.new_cases.per1M","gaussian","identity","none",0.78,0.79,2020-08-22
"682","l3.log.admin1_inflow_trip_count.per1M","gaussian","identity","none",0.65,0.9,2020-08-22
"683","l16.log.admin1_inbound_admin2_crossbound_trip_count.per1M","gaussian","identity","none",0.92,0.94,2020-08-22
"684","l22.log.admin2_inbound_trip_count.per1M","gaussian","identity","none",0.79,0.81,2020-08-22
"685","log.new_cases.per1M","gaussian","identity","none",0.78,0.8,2020-08-23
"686","l3.log.admin1_inflow_trip_count.per1M","gaussian","identity","none",0.65,0.9,2020-08-23
"687","l16.log.admin1_inbound_admin2_crossbound_trip_count.per1M","gaussian","identity","none",0.92,0.95,2020-08-23
"688","l22.log.admin2_inbound_trip_count.per1M","gaussian","identity","none",0.79,0.81,2020-08-23
"689","log.new_cases.per1M","gaussian","identity","none",0.78,0.8,2020-08-24
"690","l3.log.admin1_inflow_trip_count.per1M","gaussian","identity","none",0.65,0.89,2020-08-24
"691","l16.log.admin1_inbound_admin2_crossbound_trip_count.per1M","gaussian","identity","none",0.92,0.95,2020-08-24
"692","l22.log.admin2_inbound_trip_count.per1M","gaussian","identity","none",0.79,0.81,2020-08-24
"693","log.new_cases.per1M","gaussian","identity","none",0.79,0.8,2020-08-25
"694","l3.log.admin1_inflow_trip_count.per1M","gaussian","identity","none",0.53,0.88,2020-08-25
"695","l16.log.admin1_inbound_admin2_crossbound_trip_count.per1M","gaussian","identity","none",0.92,0.95,2020-08-25
"696","l22.log.admin2_inbound_trip_count.per1M","gaussian","identity","none",0.79,0.81,2020-08-25
"697","log.new_cases.per1M","gaussian","identity","none",0.79,0.81,2020-08-26
"698","l3.log.admin1_inflow_trip_count.per1M","gaussian","identity","none",0.54,0.88,2020-08-26
"699","l16.log.admin1_inbound_admin2_crossbound_trip_count.per1M","gaussian","identity","none",0.92,0.95,2020-08-26
"700","l22.log.admin2_inbound_trip_count.per1M","gaussian","identity","none",0.79,0.81,2020-08-26
"701","log.new_cases.per1M","gaussian","identity","none",0.8,0.81,2020-08-27
"702","l3.log.admin1_inflow_trip_count.per1M","gaussian","identity","none",0.54,0.88,2020-08-27
"703","l16.log.admin1_inbound_admin2_crossbound_trip_count.per1M","gaussian","identity","none",0.93,0.95,2020-08-27
"704","l22.log.admin2_inbound_trip_count.per1M","gaussian","identity","none",0.79,0.81,2020-08-27
"705","log.new_cases.per1M","gaussian","identity","none",0.8,0.82,2020-08-28
"706","l3.log.admin1_inflow_trip_count.per1M","gaussian","identity","none",0.54,0.88,2020-08-28
"707","l16.log.admin1_inbound_admin2_crossbound_trip_count.per1M","gaussian","identity","none",0.93,0.95,2020-08-28
"708","l22.log.admin2_inbound_trip_count.per1M","gaussian","identity","none",0.79,0.81,2020-08-28
"709","log.new_cases.per1M","gaussian","identity","none",0.81,0.82,2020-08-29
"710","l3.log.admin1_inflow_trip_count.per1M","gaussian","identity","none",0.55,0.88,2020-08-29
"711","l16.log.admin1_inbound_admin2_crossbound_trip_count.per1M","gaussian","identity","none",0.93,0.95,2020-08-29
"712","l22.log.admin2_inbound_trip_count.per1M","gaussian","identity","none",0.79,0.81,2020-08-29
"713","log.new_cases.per1M","gaussian","identity","none",0.81,0.82,2020-08-30
"714","l3.log.admin1_inflow_trip_count.per1M","gaussian","identity","none",0.55,0.88,2020-08-30
"715","l16.log.admin1_inbound_admin2_crossbound_trip_count.per1M","gaussian","identity","none",0.92,0.94,2020-08-30
"716","l22.log.admin2_inbound_trip_count.per1M","gaussian","identity","none",0.79,0.81,2020-08-30
"717","log.new_cases.per1M","gaussian","identity","none",0.81,0.82,2020-08-31
"718","l3.log.admin1_inflow_trip_count.per1M","gaussian","identity","none",0.55,0.88,2020-08-31
"719","l16.log.admin1_inbound_admin2_crossbound_trip_count.per1M","gaussian","identity","none",0.92,0.94,2020-08-31
"720","l22.log.admin2_inbound_trip_count.per1M","gaussian","identity","none",0.79,0.81,2020-08-31
"721","log.new_cases.per1M","gaussian","identity","none",0.81,0.82,2020-09-01
"722","l3.log.admin1_inflow_trip_count.per1M","gaussian","identity","none",0.54,0.88,2020-09-01
"723","l16.log.admin1_inbound_admin2_crossbound_trip_count.per1M","gaussian","identity","none",0.92,0.94,2020-09-01
"724","l22.log.admin2_inbound_trip_count.per1M","gaussian","identity","none",0.79,0.81,2020-09-01
